[
{
  "model": "core_shop.category",
  "pk": 1,
  "fields": {
    "name": "Комплекти книг",
    "parent": null,
    "slug": "komplekti-knig",
    "created": "2025-06-30T12:14:13.683Z",
    "updated": "2025-06-30T12:14:13.683Z",
    "lft": 1,
    "rght": 10,
    "tree_id": 4,
    "level": 0
  }
},
{
  "model": "core_shop.category",
  "pk": 2,
  "fields": {
    "name": "Комплекти дитячих книг",
    "parent": 1,
    "slug": "komplekti-dityachih-knig",
    "created": "2025-06-30T12:16:20.446Z",
    "updated": "2025-06-30T12:16:20.446Z",
    "lft": 2,
    "rght": 3,
    "tree_id": 4,
    "level": 1
  }
},
{
  "model": "core_shop.category",
  "pk": 3,
  "fields": {
    "name": "Комплекти історичниг книг",
    "parent": 1,
    "slug": "komplekti-istorichnig-knig",
    "created": "2025-06-30T12:16:35.986Z",
    "updated": "2025-06-30T12:16:40.683Z",
    "lft": 8,
    "rght": 9,
    "tree_id": 4,
    "level": 1
  }
},
{
  "model": "core_shop.category",
  "pk": 4,
  "fields": {
    "name": "Комплекти книг із саморозвитку",
    "parent": 1,
    "slug": "komplekti-knig-iz-samorozvitku",
    "created": "2025-06-30T12:17:30.529Z",
    "updated": "2025-06-30T12:17:30.529Z",
    "lft": 6,
    "rght": 7,
    "tree_id": 4,
    "level": 1
  }
},
{
  "model": "core_shop.category",
  "pk": 5,
  "fields": {
    "name": "Комплекти книг про війну",
    "parent": 1,
    "slug": "komplekti-knig-pro-vijnu",
    "created": "2025-06-30T12:17:48.447Z",
    "updated": "2025-06-30T12:17:48.447Z",
    "lft": 4,
    "rght": 5,
    "tree_id": 4,
    "level": 1
  }
},
{
  "model": "core_shop.category",
  "pk": 6,
  "fields": {
    "name": "Книги",
    "parent": null,
    "slug": "knigi",
    "created": "2025-06-30T12:18:13.063Z",
    "updated": "2025-06-30T12:18:13.063Z",
    "lft": 1,
    "rght": 50,
    "tree_id": 3,
    "level": 0
  }
},
{
  "model": "core_shop.category",
  "pk": 7,
  "fields": {
    "name": "Художня",
    "parent": 6,
    "slug": "hudozhnya",
    "created": "2025-06-30T12:18:34.671Z",
    "updated": "2025-06-30T12:18:34.672Z",
    "lft": 30,
    "rght": 49,
    "tree_id": 3,
    "level": 1
  }
},
{
  "model": "core_shop.category",
  "pk": 8,
  "fields": {
    "name": "Дитяча",
    "parent": 6,
    "slug": "dityacha",
    "created": "2025-06-30T12:18:47.499Z",
    "updated": "2025-06-30T12:19:22.565Z",
    "lft": 4,
    "rght": 15,
    "tree_id": 3,
    "level": 1
  }
},
{
  "model": "core_shop.category",
  "pk": 9,
  "fields": {
    "name": "Хобі",
    "parent": 6,
    "slug": "hobi",
    "created": "2025-06-30T12:18:58.801Z",
    "updated": "2025-06-30T12:19:30.582Z",
    "lft": 28,
    "rght": 29,
    "tree_id": 3,
    "level": 1
  }
},
{
  "model": "core_shop.category",
  "pk": 10,
  "fields": {
    "name": "Бізнес",
    "parent": 6,
    "slug": "biznes",
    "created": "2025-06-30T12:19:09.450Z",
    "updated": "2025-06-30T12:19:26.518Z",
    "lft": 2,
    "rght": 3,
    "tree_id": 3,
    "level": 1
  }
},
{
  "model": "core_shop.category",
  "pk": 11,
  "fields": {
    "name": "Міфи, Легенди",
    "parent": 7,
    "slug": "mifi-legendi",
    "created": "2025-06-30T12:20:32.136Z",
    "updated": "2025-06-30T12:20:32.136Z",
    "lft": 31,
    "rght": 32,
    "tree_id": 3,
    "level": 2
  }
},
{
  "model": "core_shop.category",
  "pk": 12,
  "fields": {
    "name": "Поезія",
    "parent": 7,
    "slug": "poeziya",
    "created": "2025-06-30T12:21:01.845Z",
    "updated": "2025-06-30T12:21:01.845Z",
    "lft": 33,
    "rght": 34,
    "tree_id": 3,
    "level": 2
  }
},
{
  "model": "core_shop.category",
  "pk": 13,
  "fields": {
    "name": "Проза",
    "parent": 7,
    "slug": "proza",
    "created": "2025-06-30T12:21:11.512Z",
    "updated": "2025-06-30T12:21:11.512Z",
    "lft": 35,
    "rght": 48,
    "tree_id": 3,
    "level": 2
  }
},
{
  "model": "core_shop.category",
  "pk": 14,
  "fields": {
    "name": "Романи",
    "parent": 13,
    "slug": "romani",
    "created": "2025-06-30T12:21:49.717Z",
    "updated": "2025-06-30T12:21:49.717Z",
    "lft": 40,
    "rght": 41,
    "tree_id": 3,
    "level": 3
  }
},
{
  "model": "core_shop.category",
  "pk": 15,
  "fields": {
    "name": "Хорор",
    "parent": 13,
    "slug": "horor",
    "created": "2025-06-30T12:22:01.248Z",
    "updated": "2025-06-30T12:22:01.248Z",
    "lft": 46,
    "rght": 47,
    "tree_id": 3,
    "level": 3
  }
},
{
  "model": "core_shop.category",
  "pk": 16,
  "fields": {
    "name": "Головоломки для дітей",
    "parent": 8,
    "slug": "golovolomki-dlya-ditej",
    "created": "2025-06-30T12:22:50.770Z",
    "updated": "2025-06-30T12:22:50.770Z",
    "lft": 5,
    "rght": 6,
    "tree_id": 3,
    "level": 2
  }
},
{
  "model": "core_shop.category",
  "pk": 17,
  "fields": {
    "name": "Дитяча Розважальна",
    "parent": 8,
    "slug": "dityacha-rozvazhalna",
    "created": "2025-06-30T12:23:03.628Z",
    "updated": "2025-06-30T12:23:03.628Z",
    "lft": 7,
    "rght": 8,
    "tree_id": 3,
    "level": 2
  }
},
{
  "model": "core_shop.category",
  "pk": 18,
  "fields": {
    "name": "Детективи",
    "parent": 13,
    "slug": "detektivi",
    "created": "2025-07-01T09:55:20.262Z",
    "updated": "2025-07-01T09:55:20.262Z",
    "lft": 38,
    "rght": 39,
    "tree_id": 3,
    "level": 3
  }
},
{
  "model": "core_shop.category",
  "pk": 19,
  "fields": {
    "name": "Фантастика",
    "parent": 13,
    "slug": "fantastika",
    "created": "2025-07-01T11:22:12.810Z",
    "updated": "2025-07-01T11:22:12.810Z",
    "lft": 44,
    "rght": 45,
    "tree_id": 3,
    "level": 3
  }
},
{
  "model": "core_shop.category",
  "pk": 20,
  "fields": {
    "name": "Сучасна проза",
    "parent": 13,
    "slug": "suchasna-proza",
    "created": "2025-07-01T11:36:19.660Z",
    "updated": "2025-07-01T11:36:19.660Z",
    "lft": 42,
    "rght": 43,
    "tree_id": 3,
    "level": 3
  }
},
{
  "model": "core_shop.category",
  "pk": 21,
  "fields": {
    "name": "Саморозвиток",
    "parent": 6,
    "slug": "samorozvitok",
    "created": "2025-07-01T11:40:12.659Z",
    "updated": "2025-07-01T11:40:12.659Z",
    "lft": 24,
    "rght": 27,
    "tree_id": 3,
    "level": 1
  }
},
{
  "model": "core_shop.category",
  "pk": 22,
  "fields": {
    "name": "Особисті фінанси",
    "parent": 21,
    "slug": "osobisti-finansi",
    "created": "2025-07-01T11:40:29.891Z",
    "updated": "2025-07-01T11:40:29.891Z",
    "lft": 25,
    "rght": 26,
    "tree_id": 3,
    "level": 2
  }
},
{
  "model": "core_shop.category",
  "pk": 23,
  "fields": {
    "name": "Історичні романи",
    "parent": 13,
    "slug": "istorichni-romani",
    "created": "2025-07-01T11:46:54.029Z",
    "updated": "2025-07-01T11:46:54.029Z",
    "lft": 36,
    "rght": 37,
    "tree_id": 3,
    "level": 3
  }
},
{
  "model": "core_shop.category",
  "pk": 24,
  "fields": {
    "name": "Науково-популярна",
    "parent": 6,
    "slug": "naukovo-populyarna",
    "created": "2025-07-01T11:50:24.730Z",
    "updated": "2025-07-01T11:50:24.730Z",
    "lft": 16,
    "rght": 23,
    "tree_id": 3,
    "level": 1
  }
},
{
  "model": "core_shop.category",
  "pk": 25,
  "fields": {
    "name": "Гумонітарні науки",
    "parent": 24,
    "slug": "gumonitarni-nauki",
    "created": "2025-07-01T11:50:41.313Z",
    "updated": "2025-07-01T11:50:41.313Z",
    "lft": 17,
    "rght": 22,
    "tree_id": 3,
    "level": 2
  }
},
{
  "model": "core_shop.category",
  "pk": 26,
  "fields": {
    "name": "Історія",
    "parent": 25,
    "slug": "istoriya",
    "created": "2025-07-01T11:51:04.961Z",
    "updated": "2025-07-01T11:51:04.961Z",
    "lft": 18,
    "rght": 21,
    "tree_id": 3,
    "level": 3
  }
},
{
  "model": "core_shop.category",
  "pk": 27,
  "fields": {
    "name": "Історія держав",
    "parent": 26,
    "slug": "istoriya-derzhav",
    "created": "2025-07-01T11:51:22.078Z",
    "updated": "2025-07-01T11:51:22.078Z",
    "lft": 19,
    "rght": 20,
    "tree_id": 3,
    "level": 4
  }
},
{
  "model": "core_shop.category",
  "pk": 28,
  "fields": {
    "name": "Дитяча художня",
    "parent": 8,
    "slug": "dityacha-hudozhnya",
    "created": "2025-07-01T11:55:32.246Z",
    "updated": "2025-07-01T11:55:32.246Z",
    "lft": 9,
    "rght": 14,
    "tree_id": 3,
    "level": 2
  }
},
{
  "model": "core_shop.category",
  "pk": 29,
  "fields": {
    "name": "Дитяча проза",
    "parent": 28,
    "slug": "dityacha-proza",
    "created": "2025-07-01T11:55:45.379Z",
    "updated": "2025-07-01T11:55:45.379Z",
    "lft": 10,
    "rght": 13,
    "tree_id": 3,
    "level": 3
  }
},
{
  "model": "core_shop.category",
  "pk": 30,
  "fields": {
    "name": "Підліткова проза",
    "parent": 29,
    "slug": "pidlitkova-proza",
    "created": "2025-07-01T11:55:58.968Z",
    "updated": "2025-07-01T11:55:58.968Z",
    "lft": 11,
    "rght": 12,
    "tree_id": 3,
    "level": 4
  }
},
{
  "model": "core_shop.author",
  "pk": 1,
  "fields": {
    "slug": "braun-d",
    "created": "2025-07-01T08:59:22.759Z",
    "updated": "2025-07-01T08:59:22.759Z",
    "name": "Браун Д."
  }
},
{
  "model": "core_shop.author",
  "pk": 2,
  "fields": {
    "slug": "stiven-king",
    "created": "2025-07-01T11:21:26.772Z",
    "updated": "2025-07-01T11:21:26.772Z",
    "name": "Стівен Кінг"
  }
},
{
  "model": "core_shop.author",
  "pk": 3,
  "fields": {
    "slug": "yansi-r",
    "created": "2025-07-01T11:30:41.438Z",
    "updated": "2025-07-01T11:30:41.438Z",
    "name": "Янсі Р."
  }
},
{
  "model": "core_shop.author",
  "pk": 4,
  "fields": {
    "slug": "illarion-pavlyuk",
    "created": "2025-07-01T11:35:00.966Z",
    "updated": "2025-07-01T11:35:00.966Z",
    "name": "Ілларіон Павлюк"
  }
},
{
  "model": "core_shop.author",
  "pk": 5,
  "fields": {
    "slug": "napoleon-gill",
    "created": "2025-07-01T11:39:33.322Z",
    "updated": "2025-07-01T11:39:33.322Z",
    "name": "Наполеон Гілл"
  }
},
{
  "model": "core_shop.author",
  "pk": 6,
  "fields": {
    "slug": "tess-gerritsen",
    "created": "2025-07-01T11:42:51.513Z",
    "updated": "2025-07-01T11:42:51.514Z",
    "name": "Тесс Ґеррітсен"
  }
},
{
  "model": "core_shop.author",
  "pk": 7,
  "fields": {
    "slug": "sergij-baturin",
    "created": "2025-07-01T11:46:04.907Z",
    "updated": "2025-07-01T11:46:04.907Z",
    "name": "Сергій Батурин"
  }
},
{
  "model": "core_shop.author",
  "pk": 8,
  "fields": {
    "slug": "krasovickij-o",
    "created": "2025-07-01T11:49:21.154Z",
    "updated": "2025-07-01T11:49:21.154Z",
    "name": "Красовицький О."
  }
},
{
  "model": "core_shop.author",
  "pk": 9,
  "fields": {
    "slug": "krasnozhon-a",
    "created": "2025-07-01T11:49:33.960Z",
    "updated": "2025-07-01T11:49:33.960Z",
    "name": "Красножон А"
  }
},
{
  "model": "core_shop.author",
  "pk": 10,
  "fields": {
    "slug": "snou",
    "created": "2025-07-01T11:54:48.418Z",
    "updated": "2025-07-01T11:54:48.418Z",
    "name": "Сноу"
  }
},
{
  "model": "core_shop.author",
  "pk": 11,
  "fields": {
    "slug": "evgenij-chernyak",
    "created": "2025-07-03T06:54:19.161Z",
    "updated": "2025-07-03T06:54:19.161Z",
    "name": "Евгений Черняк"
  }
},
{
  "model": "core_shop.author",
  "pk": 12,
  "fields": {
    "slug": "kavallo",
    "created": "2025-07-03T06:58:48.174Z",
    "updated": "2025-07-03T06:58:48.174Z",
    "name": "Кавалло"
  }
},
{
  "model": "core_shop.author",
  "pk": 13,
  "fields": {
    "slug": "dzhon-kerrejru",
    "created": "2025-07-03T07:06:38.542Z",
    "updated": "2025-07-03T07:06:38.542Z",
    "name": "Джон Керрейру"
  }
},
{
  "model": "core_shop.publisher",
  "pk": 1,
  "fields": {
    "slug": "ksd-klub-semejnogo-dosuga",
    "created": "2025-07-01T09:01:37.847Z",
    "updated": "2025-07-01T09:01:37.847Z",
    "name": "КСД. Клуб Семейного Досуга"
  }
},
{
  "model": "core_shop.publisher",
  "pk": 2,
  "fields": {
    "slug": "km-buks",
    "created": "2025-07-01T11:31:05.747Z",
    "updated": "2025-07-01T11:31:05.747Z",
    "name": "КМ-Букс"
  }
},
{
  "model": "core_shop.publisher",
  "pk": 3,
  "fields": {
    "slug": "vsl-vidavnictvo-starogo-leva",
    "created": "2025-07-01T11:35:17.250Z",
    "updated": "2025-07-01T11:35:23.409Z",
    "name": "ВСЛ. Видавництво Старого Лева"
  }
},
{
  "model": "core_shop.publisher",
  "pk": 4,
  "fields": {
    "slug": "fabula",
    "created": "2025-07-01T11:46:20.544Z",
    "updated": "2025-07-01T11:46:20.544Z",
    "name": "Фабула"
  }
},
{
  "model": "core_shop.publisher",
  "pk": 5,
  "fields": {
    "slug": "folio",
    "created": "2025-07-01T11:49:53.428Z",
    "updated": "2025-07-01T11:49:53.428Z",
    "name": "Фоліо"
  }
},
{
  "model": "core_shop.publisher",
  "pk": 6,
  "fields": {
    "slug": "shkola",
    "created": "2025-07-01T11:55:00.719Z",
    "updated": "2025-07-01T11:55:00.719Z",
    "name": "Школа"
  }
},
{
  "model": "core_shop.publisher",
  "pk": 7,
  "fields": {
    "slug": "book-chef",
    "created": "2025-07-03T06:54:40.643Z",
    "updated": "2025-07-03T06:54:40.643Z",
    "name": "Book Chef"
  }
},
{
  "model": "core_shop.publisher",
  "pk": 8,
  "fields": {
    "slug": "knigolav",
    "created": "2025-07-03T06:59:03.150Z",
    "updated": "2025-07-03T06:59:03.150Z",
    "name": "#книголав"
  }
},
{
  "model": "core_shop.language",
  "pk": 1,
  "fields": {
    "slug": "ukrayinska",
    "created": "2025-07-01T09:03:27.731Z",
    "updated": "2025-07-01T09:03:27.731Z",
    "language": "Українська"
  }
},
{
  "model": "core_shop.language",
  "pk": 2,
  "fields": {
    "slug": "rosijska",
    "created": "2025-07-03T06:55:22.478Z",
    "updated": "2025-07-03T06:55:22.478Z",
    "language": "Російська"
  }
},
{
  "model": "core_shop.cover",
  "pk": 1,
  "fields": {
    "slug": "tverda",
    "created": "2025-07-01T09:05:36.767Z",
    "updated": "2025-07-01T09:05:36.767Z",
    "cover": "Тверда"
  }
},
{
  "model": "core_shop.othercharacteristicitem",
  "pk": 1,
  "fields": {
    "name": "Рік"
  }
},
{
  "model": "core_shop.othercharacteristicitem",
  "pk": 2,
  "fields": {
    "name": "Формат"
  }
},
{
  "model": "core_shop.othercharacteristicitem",
  "pk": 3,
  "fields": {
    "name": "Сторінки"
  }
},
{
  "model": "core_shop.othercharacteristicitem",
  "pk": 4,
  "fields": {
    "name": "Вага"
  }
},
{
  "model": "core_shop.othercharacteristicitem",
  "pk": 5,
  "fields": {
    "name": "Серія"
  }
},
{
  "model": "core_shop.othercharacteristicitem",
  "pk": 6,
  "fields": {
    "name": "Країна виробник"
  }
},
{
  "model": "core_shop.othercharacteristicitem",
  "pk": 7,
  "fields": {
    "name": "Папір"
  }
},
{
  "model": "core_shop.othercharacteristicitem",
  "pk": 8,
  "fields": {
    "name": "Перекладач"
  }
},
{
  "model": "core_shop.othercharacteristicitem",
  "pk": 9,
  "fields": {
    "name": "Вік"
  }
},
{
  "model": "core_shop.othercharacteristic",
  "pk": 5,
  "fields": {
    "item": 4,
    "value": "547"
  }
},
{
  "model": "core_shop.othercharacteristic",
  "pk": 7,
  "fields": {
    "item": 3,
    "value": "544"
  }
},
{
  "model": "core_shop.othercharacteristic",
  "pk": 8,
  "fields": {
    "item": 2,
    "value": "211*150*32"
  }
},
{
  "model": "core_shop.othercharacteristic",
  "pk": 9,
  "fields": {
    "item": 4,
    "value": "738"
  }
},
{
  "model": "core_shop.othercharacteristic",
  "pk": 10,
  "fields": {
    "item": 5,
    "value": "КСД"
  }
},
{
  "model": "core_shop.othercharacteristic",
  "pk": 11,
  "fields": {
    "item": 3,
    "value": "976"
  }
},
{
  "model": "core_shop.othercharacteristic",
  "pk": 13,
  "fields": {
    "item": 2,
    "value": "206х135"
  }
},
{
  "model": "core_shop.othercharacteristic",
  "pk": 14,
  "fields": {
    "item": 6,
    "value": "Україна"
  }
},
{
  "model": "core_shop.othercharacteristic",
  "pk": 15,
  "fields": {
    "item": 4,
    "value": "400"
  }
},
{
  "model": "core_shop.othercharacteristic",
  "pk": 16,
  "fields": {
    "item": 7,
    "value": "Офсетний"
  }
},
{
  "model": "core_shop.othercharacteristic",
  "pk": 17,
  "fields": {
    "item": 8,
    "value": "Ольга Бойко"
  }
},
{
  "model": "core_shop.othercharacteristic",
  "pk": 18,
  "fields": {
    "item": 1,
    "value": "2024"
  }
},
{
  "model": "core_shop.othercharacteristic",
  "pk": 19,
  "fields": {
    "item": 5,
    "value": "5-а хвиля"
  }
},
{
  "model": "core_shop.othercharacteristic",
  "pk": 20,
  "fields": {
    "item": 3,
    "value": "448"
  }
},
{
  "model": "core_shop.othercharacteristic",
  "pk": 21,
  "fields": {
    "item": 2,
    "value": "130х200мм"
  }
},
{
  "model": "core_shop.othercharacteristic",
  "pk": 22,
  "fields": {
    "item": 9,
    "value": "Для дорослих"
  }
},
{
  "model": "core_shop.othercharacteristic",
  "pk": 23,
  "fields": {
    "item": 4,
    "value": "620"
  }
},
{
  "model": "core_shop.othercharacteristic",
  "pk": 24,
  "fields": {
    "item": 1,
    "value": "2022"
  }
},
{
  "model": "core_shop.othercharacteristic",
  "pk": 25,
  "fields": {
    "item": 5,
    "value": "Художня проза"
  }
},
{
  "model": "core_shop.othercharacteristic",
  "pk": 26,
  "fields": {
    "item": 3,
    "value": "639"
  }
},
{
  "model": "core_shop.othercharacteristic",
  "pk": 27,
  "fields": {
    "item": 2,
    "value": "135х205х46"
  }
},
{
  "model": "core_shop.othercharacteristic",
  "pk": 28,
  "fields": {
    "item": 4,
    "value": "357"
  }
},
{
  "model": "core_shop.othercharacteristic",
  "pk": 29,
  "fields": {
    "item": 1,
    "value": "2021"
  }
},
{
  "model": "core_shop.othercharacteristic",
  "pk": 31,
  "fields": {
    "item": 3,
    "value": "256"
  }
},
{
  "model": "core_shop.othercharacteristic",
  "pk": 32,
  "fields": {
    "item": 2,
    "value": "220х150"
  }
},
{
  "model": "core_shop.othercharacteristic",
  "pk": 33,
  "fields": {
    "item": 4,
    "value": "360"
  }
},
{
  "model": "core_shop.othercharacteristic",
  "pk": 35,
  "fields": {
    "item": 5,
    "value": "Ріццолі та Айлс"
  }
},
{
  "model": "core_shop.othercharacteristic",
  "pk": 36,
  "fields": {
    "item": 3,
    "value": "352"
  }
},
{
  "model": "core_shop.othercharacteristic",
  "pk": 37,
  "fields": {
    "item": 2,
    "value": "205х135"
  }
},
{
  "model": "core_shop.othercharacteristic",
  "pk": 38,
  "fields": {
    "item": 1,
    "value": "2019"
  }
},
{
  "model": "core_shop.othercharacteristic",
  "pk": 39,
  "fields": {
    "item": 5,
    "value": "Фабула-Сучасна проза України"
  }
},
{
  "model": "core_shop.othercharacteristic",
  "pk": 40,
  "fields": {
    "item": 4,
    "value": "622"
  }
},
{
  "model": "core_shop.othercharacteristic",
  "pk": 42,
  "fields": {
    "item": 5,
    "value": "Великий науковий проєкт"
  }
},
{
  "model": "core_shop.othercharacteristic",
  "pk": 43,
  "fields": {
    "item": 3,
    "value": "384"
  }
},
{
  "model": "core_shop.othercharacteristic",
  "pk": 44,
  "fields": {
    "item": 2,
    "value": "70х100 1/16"
  }
},
{
  "model": "core_shop.othercharacteristic",
  "pk": 45,
  "fields": {
    "item": 4,
    "value": "320"
  }
},
{
  "model": "core_shop.othercharacteristic",
  "pk": 47,
  "fields": {
    "item": 1,
    "value": "2020"
  }
},
{
  "model": "core_shop.othercharacteristic",
  "pk": 48,
  "fields": {
    "item": 5,
    "value": "Школа"
  }
},
{
  "model": "core_shop.othercharacteristic",
  "pk": 49,
  "fields": {
    "item": 3,
    "value": "304"
  }
},
{
  "model": "core_shop.othercharacteristic",
  "pk": 51,
  "fields": {
    "item": 4,
    "value": "200"
  }
},
{
  "model": "core_shop.othercharacteristic",
  "pk": 54,
  "fields": {
    "item": 3,
    "value": "272"
  }
},
{
  "model": "core_shop.othercharacteristic",
  "pk": 55,
  "fields": {
    "item": 2,
    "value": "84х108х32"
  }
},
{
  "model": "core_shop.othercharacteristic",
  "pk": 58,
  "fields": {
    "item": 5,
    "value": "Дитяча полиця"
  }
},
{
  "model": "core_shop.othercharacteristic",
  "pk": 59,
  "fields": {
    "item": 3,
    "value": "224"
  }
},
{
  "model": "core_shop.othercharacteristic",
  "pk": 60,
  "fields": {
    "item": 2,
    "value": "180х240 мм."
  }
},
{
  "model": "core_shop.othercharacteristic",
  "pk": 62,
  "fields": {
    "item": 3,
    "value": "464"
  }
},
{
  "model": "core_shop.othercharacteristic",
  "pk": 67,
  "fields": {
    "item": 2,
    "value": "130х200 мм (середній формат)"
  }
},
{
  "model": "core_shop.book",
  "pk": 1,
  "fields": {
    "slug": "inferno",
    "created": "2025-07-01T10:05:11.279Z",
    "updated": "2025-07-11T14:59:31.158Z",
    "title": "Інферно",
    "image": "books/Інферно.jpg",
    "isbn": "978-617-15-0618-3",
    "publisher": 1,
    "cateogry": 18,
    "cover": 1,
    "language": 1,
    "description": "<p>Роман &laquo;Інферно&raquo; визнаний найкращим твором Дена Брауна! &bull; Перевидання в оновленому оформленні та збільшеному форматі Запаморочливі пригоди, загадкові символи, небезпечні таємниці у кращих традиціях &laquo;Коду да Вінчі&raquo;! Професор Ленґдон прийшов до тями у лікарні у Флоренції. Як він опинився тут? Чому його хотіли вбити? І як він потрапив до італійського міста, сповненого стародавніх секретів? Роберт нічого не пам`ятає. Лише в моторошних видіннях він бачить жінку з дивним амулетом, яка благає про допомогу. А в кишені знаходить вказівку на картину Боттічеллі &laquo;Мапа пекла&raquo;. Але картину дивно змінено... Зашифровані у витворах мистецтва послання, таємні тунелі і новітні технології &mdash; ось що чекає Ленґдона та його помічницю Сієнну на шляху до розкриття загадки божевільного генія. Та невідомий ворог випереджає їх на крок...</p>",
    "count": 5,
    "price": "460.00",
    "discount": 16,
    "author": [
      1
    ],
    "other_characteristics": []
  }
},
{
  "model": "core_shop.book",
  "pk": 2,
  "fields": {
    "slug": "112263-ukr",
    "created": "2025-07-01T11:25:25.845Z",
    "updated": "2025-07-21T14:46:43.696Z",
    "title": "11/22/63 укр",
    "image": "books/11_22_6__укр.jpg",
    "isbn": "978-617-12-8842-3",
    "publisher": 1,
    "cateogry": 19,
    "cover": 1,
    "language": 1,
    "description": "<p>22 листопада 1963 року &mdash; дата вбивства Джона Кеннеді. Пролунали три постріли &mdash; і світ змінився назавжди. Сьогодення. Дізнавшись, що в барі його приятеля розташований портал до 1958 року, звичайний шкільний учитель Джейк Еппінг не може опиратися спокусі почати нове життя у рок-н-рольні часи Елвіса Преслі. Хіба гостю з майбутнього важко познайомитися з відлюдником Лі Гарві Освальдом і завадити йому вбити президента? Та чи варто гратися з минулим? Яким буде світ, де Кеннеді виживе?</p>",
    "count": 3,
    "price": "540.00",
    "discount": 20,
    "author": [
      2
    ],
    "other_characteristics": [
      23,
      29,
      54,
      44
    ]
  }
},
{
  "model": "core_shop.book",
  "pk": 3,
  "fields": {
    "slug": "5-a-hvilya-kniga-1",
    "created": "2025-07-01T11:34:17.632Z",
    "updated": "2025-07-11T14:59:01.547Z",
    "title": "5-а хвиля. Книга 1",
    "image": "books/00000393609-280x280.jpg",
    "isbn": "978-966-948-891-6",
    "publisher": 2,
    "cateogry": 19,
    "cover": 1,
    "language": 1,
    "description": "<p>Це війна двох світів, двох цивілізацій. Після першої хвилі чужопланетного вторгнення Земля поринула в морок. Друга хвиля &mdash; всесвітній потоп. Третя хвиля &mdash; жахлива пошесть, яку не пережило дев&rsquo;яносто сім відсотків людства. А після четвертої хвилі працює єдине правило: не довіряй нікому. Шістнадцятирічна Кассі Салліван, сама-одна в пустельному ворожому світі, змушена тікати від істот, які зовні дуже схожі на людей, але мета яких &mdash; винищити останніх людей до ноги, щоб розчистити простір для себе. Як же Кассі вижити і як розшукати меншого братика &mdash; єдиного вцілілого з колись щасливої родини, якщо не можеш довіряти навіть людині, котра тебе врятувала,&mdash; загадковому хлопцю на ім&rsquo;я Еван Вокер?</p>",
    "count": 0,
    "price": "550.00",
    "discount": 14,
    "author": [
      3
    ],
    "other_characteristics": []
  }
},
{
  "model": "core_shop.book",
  "pk": 4,
  "fields": {
    "slug": "ya-bachu-vas-cikavit-pitma",
    "created": "2025-07-01T11:38:15.933Z",
    "updated": "2025-07-11T14:59:48.016Z",
    "title": "Я бачу, вас цікавить пітьма",
    "image": "books/Я_бачу_вас_цікавить_пітьма.jpg",
    "isbn": "978-617-679-832-3",
    "publisher": 3,
    "cateogry": 20,
    "cover": 1,
    "language": 1,
    "description": "<p>Київського кримінального психолога Андрія Гайстера відправляють консультантом у богом забуте селище Буськів Сад. Зимової ночі там зникла маленька дівчинка. А ще там водиться Звір &mdash; серійний маніяк, убивств якого тамтешні мешканці воліють не помічати... У цьому проклятому селищі, де все по колу і всі живуть життям, яке ненавидять, розслідування постійно заходить у глухий кут. Андрій вірить, що загублена дівчинка, попри все, жива і він її знайде. Але нікому, крім нього, це не потрібно. &laquo;Я бачу, вас цікавить пітьма&raquo; &mdash; історія про непробивну людську байдужість і пітьму всередині нас. Про чесність із собою й ціну, яку ми готові заплатити за забуття. Про гріхи, що матеріалізуються, і спокуту, дорожчу за спокій.</p>",
    "count": 1,
    "price": "600.00",
    "discount": 20,
    "author": [
      4
    ],
    "other_characteristics": []
  }
},
{
  "model": "core_shop.book",
  "pk": 5,
  "fields": {
    "slug": "dumaj-i-bagatij",
    "created": "2025-07-01T11:41:57.850Z",
    "updated": "2025-07-11T14:59:35.143Z",
    "title": "Думай і багатій",
    "image": "books/Думай_і_багатій.jpg",
    "isbn": "978-617-12-9144-7",
    "publisher": 1,
    "cateogry": 22,
    "cover": 1,
    "language": 1,
    "description": "<p>Наполеон Гілл &ndash; радник президента Франкліна Рузвельта, один із найбільш відомих письменників, чиї книжки про успіх допомогли мільйонам людей у всьому світі. Його книжка &laquo;Думай і багатій&raquo; досі має шалений попит у читачів. Після доленосної розмови зі знаменитим мультимільйонером та філантропом Ендрю Карнеґі ще у студентські роки Наполеон Гілл вирішує прислухатися до його порад і на основі життєвих історій багатих та успішних вивести універсальну формулу успіху, якою зможуть користуватися звичайні люди, що не мають мільйонних статків, але прагнуть досягнути вершин. 13 років до багатства й успішності від Наполеона Гілла &ndash; це дієвий шлях для кожного, хто вирішив рухатися вперед.</p>",
    "count": 2,
    "price": "320.00",
    "discount": 5,
    "author": [
      5
    ],
    "other_characteristics": []
  }
},
{
  "model": "core_shop.book",
  "pk": 6,
  "fields": {
    "slug": "hirurg-kniga-1",
    "created": "2025-07-01T11:44:46.975Z",
    "updated": "2025-07-11T14:59:44.578Z",
    "title": "Хірург. Книга 1",
    "image": "books/Хірург._Книга_1.jpg",
    "isbn": "978-617-12-8630-6",
    "publisher": 1,
    "cateogry": 18,
    "cover": 1,
    "language": 1,
    "description": "<p>Він приходить лише у ночі. Безшумно проникає у дім. Крадеться до спальні, де тільки но прокинувшись від сну, самотні жінки потрапляють до приголомшливого кошмару. Зважаючи на те, що він робить зі своїми жертвами, можна припустити, що злодій знається на медицині. Саме через це його називають Хірург. Томас Мур та Джейн Ріццолі розслідують серію страшенних вбивств. Злочинець наслідує почерк серійного маніяка, якого було вбито два роки тому. Він копією навіть такі дрібні деталі, про які мало кому відомо. Остання з жертв загиблого маніяка Кетрін Корделл, вбила його, та саме через це стає метою нового вбивці. Із кожною наступною жертвою невідомий наближається до Кетрін. Саме Томасу та Джейн доведеться зупинити геніального вбивцю, чого б це не коштувало.</p>",
    "count": 1,
    "price": "330.00",
    "discount": 5,
    "author": [
      6
    ],
    "other_characteristics": []
  }
},
{
  "model": "core_shop.book",
  "pk": 7,
  "fields": {
    "slug": "clavus-domini",
    "created": "2025-07-01T11:48:00.456Z",
    "updated": "2025-07-11T14:59:25.800Z",
    "title": "Clavus Domini",
    "image": "books/Clavus_Domini.png",
    "isbn": "978-617-09-5125-0",
    "publisher": 4,
    "cateogry": 23,
    "cover": 1,
    "language": 1,
    "description": "<p>Відомий український письменник Сергій Батурин у своєму новому романі долучається до когорти тих, хто й досі шукає відповідей на прадавнє питання: ким був той &laquo;розбійник Варавва&raquo;, що його згадують усі четверо євангелістів? Чи насправді він був знайомий з Ісусом, і чому єрусалимський натовп наполягав на його помилуванні, а римському префекту Понтію Пилату довелося &laquo;вмивати руки&raquo;? Історичних свідоцтв бракує. І не виключено, що все відбувалося саме так, як про це розповідає автор книжки. А ще перед читачем розгортається яскрава і по-справжньому переконлива панорама Римського світу й варварської Європи на початку першого тисячоліття нової ери.</p>",
    "count": 1,
    "price": "350.00",
    "discount": 30,
    "author": [
      7
    ],
    "other_characteristics": []
  }
},
{
  "model": "core_shop.book",
  "pk": 8,
  "fields": {
    "slug": "10-rozmov-pro-istoriyu-ukrayini-vid-korolya-danila-do-getmana-mazepi",
    "created": "2025-07-01T11:53:06.150Z",
    "updated": "2025-07-21T14:46:11.275Z",
    "title": "10 розмов про історію України. Від короля Данила до гетьмана Мазепи",
    "image": "books/00000388373-280x280.jpg",
    "isbn": "978-617-551-782-6",
    "publisher": 5,
    "cateogry": 27,
    "cover": 1,
    "language": 1,
    "description": "<p>Коли закінчується Середньовіччя в Європі загалом та в Україні зокрема? І якщо археологічна хронологія побудована на еволюції матеріальної культури, то що в основі історичної? Настає новий хронологічний період одночасно і повсюдно чи історія розвивається паралельно, різними епохами, на сусідніх землях? Історія розвивається циклічно, з перспективою повернення в кам&rsquo;яний вік при одному необережному кроці, або ж по незворотній поступальний прямій? Ця книга з&rsquo;явилася у пошуках деталей, у пошуках горезвісних &laquo;крапок неповернення&raquo; та історичних рубежів. Україна епохи Середньовіччя постає дитиною степів та моря, успадковуючи від середземноморської культури, від кочівників та осілих землеробів однаково. Це період етногенезу українського народу. Про час і про місце, про роль особистості в історії та про роль історії у долі особистості, ведуть розмови автори цього тому.</p>",
    "count": 0,
    "price": "450.00",
    "discount": 10,
    "author": [
      9,
      8
    ],
    "other_characteristics": [
      15,
      38,
      26
    ]
  }
},
{
  "model": "core_shop.book",
  "pk": 9,
  "fields": {
    "slug": "17-persha-kniga-spogadiv",
    "created": "2025-07-01T11:58:09.079Z",
    "updated": "2025-07-21T14:47:11.380Z",
    "title": "17. Перша книга спогадів",
    "image": "books/17._Перша_книга_спогадів.jpg",
    "isbn": "978-966-429-655-4",
    "publisher": 6,
    "cateogry": 30,
    "cover": 1,
    "language": 1,
    "description": "<p>Відколи Йо себе пам&rsquo;ятає, вона мандрує зі своїм батьком з одного місця до іншого, що схоже на втечу. Йо геть не в захваті, опинившись нарешті у вогкому й холодному Гамбурзі. Та незабаром вона знайомиться у новій школі з двома симпатичними хлопцями: Адріаном, який навмисне поводиться з нею відсторонено, та з Луїсом, що прагне її товариства. Тож Йо перестає давати раду своїм почуттям &mdash; і не тільки їм! Адже вона раптом виявляє у собі здатність бачити чужі спогади...</p>",
    "count": 2,
    "price": "314.00",
    "discount": 10,
    "author": [
      10
    ],
    "other_characteristics": [
      5,
      14,
      16,
      44
    ]
  }
},
{
  "model": "core_shop.book",
  "pk": 10,
  "fields": {
    "slug": "big-money",
    "created": "2025-07-03T06:57:35.470Z",
    "updated": "2025-07-18T18:19:45.512Z",
    "title": "Big Money",
    "image": "books/Big_Money.jpg",
    "isbn": "978-617-548-074-8",
    "publisher": 7,
    "cateogry": 22,
    "cover": 1,
    "language": 2,
    "description": "<p>&laquo;Кто не хочет, ищет причины. Кто хочет, ищет возможности &mdash; фраза моего Отца, главная фраза в моем воспитании&raquo;. Эта книга о людях, которые всегда ищут возможности и находят их. Всё хорошее в этом Мире придумано людьми, которые хотели заработать. Предпринимателями и Бизнесменами. Эта книга о них. О тех, кто каждый день делает этот мир лучше, развивая свой бизнес, создавая рабочие места и платя налоги. Вопреки стереотипам, это не скучные, угрюмые капиталисты, у которых в голове только деньги. Это интересные, умные, харизматичные люди, которые, как и каждый из нас, каждый день нуждаются в успехе и сожалеют о том, что времени для этого всегда не достаточно. Их отличие только в том, что все они одержимые своей идеей перфекционисты. А именно таким будет принадлежать Мир будущего. Я очень волнуюсь. В твоих руках, уважаемый читатель, моя первая книга, состоящая из интервью успешных предпринимателей в YouTube &mdash; проекте Big Money. Книга о людях и их историях побед. Эта книга поможет тебе увеличить скорость и быстрее достигнуть своей мечты. Именно для этого эта книга и создана.</p>",
    "count": 0,
    "price": "500.00",
    "discount": 0,
    "author": [
      11
    ],
    "other_characteristics": []
  }
},
{
  "model": "core_shop.book",
  "pk": 11,
  "fields": {
    "slug": "kazki-na-nich-dlya-divchat-buntarok-2",
    "created": "2025-07-03T07:05:13.105Z",
    "updated": "2025-07-11T14:59:40.490Z",
    "title": "Казки на ніч для дівчат-бунтарок 2",
    "image": "books/Казки_на_ніч_для_дівчат-бунтарок_2.jpeg",
    "isbn": "978-617-7563-81-4",
    "publisher": 8,
    "cateogry": 8,
    "cover": 1,
    "language": 1,
    "description": "<p>До другої частини увійшли такі відомі особистості: співачка Бейонсе, акторка Софі Лорен, письменниця Дж. К. Ролінґ, танцівниця Айседора Дункан, канцлерка Анґела Меркель, телеведуча Опра Вінфрі та багато інших. Італійські авторки Елена Фавіллі та Франческа Кавалло у вже звичному та характерному стилі перетворили реальні історії у правдиві казки. До проекту залучили 70 ілюстраторок, які працювали у різних стилях та переосмислили портрети відомих особистостей і представили їх в абсолютно новому образі. Що важливо, оригінальна версія книжки має історію Валентини Терешкової першої в світі жінки-космонавта, яка наразі є депутаткою Російської Федерації. Через її політичні погляди та підтримку анексії Криму, автори вперше пішли на зустріч та для українського видання замінили героїню книжки на італійську політичну діячку та Міністра закордонних справ Італії Емму Боніно.</p>",
    "count": 4,
    "price": "650.00",
    "discount": 15,
    "author": [
      12
    ],
    "other_characteristics": []
  }
},
{
  "model": "core_shop.book",
  "pk": 13,
  "fields": {
    "slug": "bad-blood-durna-krov-tayemnici-ta-brehni-startapu-kremniyevoyi-dolini",
    "created": "2025-07-03T07:09:38.718Z",
    "updated": "2025-07-18T18:19:26.668Z",
    "title": "Bad Blood | Дурна кров. Таємниці та брехні стартапу Кремнієвої долини",
    "image": "books/Bad_Blood.jpg",
    "isbn": "978-617-7561-15-5",
    "publisher": 7,
    "cateogry": 10,
    "cover": 1,
    "language": 1,
    "description": "<p>Засновницю стартапу Theranos називали наймолодшою мільярдеркою світу. 22-річна Елізабет Голмс переконала Америку в тому, що винайшла революційну систему аналізу крові, яка врятує життя тисячам людей. Їй давали гроші найбагатші люди Кремнієвої долини, а Генрі Кіссинджер увійшов до ради директорів її амбітного стартапу. Згодом з&rsquo;ясувалося: компанію побудовано на брехні, інтригах, панібратстві та шахрайстві. А технологія, що мала перевернути світ медицини, взагалі не працює. І лише один журналіст попри все з&rsquo;ясував: як Елізабет Голмс вдалось ошукати таке число найрозумніших людей Америки. Ця книга &mdash; приголомшливе розслідування, що здивувало навіть Білла Ґейтса.</p>",
    "count": 0,
    "price": "300.00",
    "discount": 0,
    "author": [
      13
    ],
    "other_characteristics": []
  }
}
]
